Accession,ID,Status,Sequence,Mature1_Acc,Mature1_ID,Mature1_Seq,Mature2_Acc,Mature2_ID,Mature2_Seq,,,,,,,,,,,,,,,
MI0000001,cel-let-7,UNCHANGED,UACACUGUGGAUCCGGUGAGGUAGUAGGUUGUAUAGUUUGGAAUAUUACCACCGGUGAACUAUGCAAUUUUCUACCUUACCGGAGACAGAACUCUUCGA,MIMAT0000001,cel-let-7-5p,UGAGGUAGUAGGUUGUAUAGUU,MIMAT0015091,cel-let-7-3p,CUAUGCAAUUUUCUACCUUACC,,,,,,,,,,,,,,,
MI0000002,cel-lin-4,UNCHANGED,AUGCUUCCGGCCUGUUCCCUGAGACCUCAAGUGUGAGUGUACUAUUGAUGCUUCACACCUGGGCUCUCCGGGUACCAGGACGGUUUGAGCAGAU,MIMAT0000002,cel-lin-4-5p,UCCCUGAGACCUCAAGUGUGA,MIMAT0015092,cel-lin-4-3p,ACACCUGGGCUCUCCGGGUACC,,,,,,,,,,,,,,,
MI0000003,cel-mir-1,UNCHANGED,AAAGUGACCGUACCGAGCUGCAUACUUCCUUACAUGCCCAUACUAUAUCAUAAAUGGAUAUGGAAUGUAAAGAAGUAUGUAGAACGGGGUGGUAGU,MIMAT0020301,cel-miR-1-5p,CAUACUUCCUUACAUGCCCAUA,MIMAT0000003,cel-miR-1-3p,UGGAAUGUAAAGAAGUAUGUA,,,,,,,,,,,,,,,
MI0000004,cel-mir-2,UNCHANGED,UAAACAGUAUACAGAAAGCCAUCAAAGCGGUGGUUGAUGUGUUGCAAAUUAUGACUUUCAUAUCACAGCCAGCUUUGAUGUGCUGCCUGUUGCACUGU,MIMAT0020302,cel-miR-2-5p,CAUCAAAGCGGUGGUUGAUGUG,MIMAT0000004,cel-miR-2-3p,UAUCACAGCCAGCUUUGAUGUGC,,,,,,,,,,,,,,,
MI0000005,cel-mir-34,UNCHANGED,CGGACAAUGCUCGAGAGGCAGUGUGGUUAGCUGGUUGCAUAUUUCCUUGACAACGGCUACCUUCACUGCCACCCCGAACAUGUCGUCCAUCUUUGAA,MIMAT0000005,cel-miR-34-5p,AGGCAGUGUGGUUAGCUGGUUG,MIMAT0015093,cel-miR-34-3p,ACGGCUACCUUCACUGCCACCC,,,,,,,,,,,,,,,
MI0000006,cel-mir-35,UNCHANGED,UCUCGGAUCAGAUCGAGCCAUUGCUGGUUUCUUCCACAGUGGUACUUUCCAUUAGAACUAUCACCGGGUGGAAACUAGCAGUGGCUCGAUCUUUUCC,MIMAT0020303,cel-miR-35-5p,UGCUGGUUUCUUCCACAGUGGUA,MIMAT0000006,cel-miR-35-3p,UCACCGGGUGGAAACUAGCAGU,,,,,,,,,,,,,,,
MI0000007,cel-mir-36,UNCHANGED,CACCGCUGUCGGGGAACCGCGCCAAUUUUCGCUUCAGUGCUAGACCAUCCAAAGUGUCUAUCACCGGGUGAAAAUUCGCAUGGGUCCCCGACGCGGA,MIMAT0020304,cel-miR-36-5p,CGCCAAUUUUCGCUUCAGUGCUA,MIMAT0000007,cel-miR-36-3p,UCACCGGGUGAAAAUUCGCAUG,,,,,,,,,,,,,,,
MI0000008,cel-mir-37,UNCHANGED,UUCUAGAAACCCUUGGACCAGUGUGGGUGUCCGUUGCGGUGCUACAUUCUCUAAUCUGUAUCACCGGGUGAACACUUGCAGUGGUCCUCGUGGUUUCU,MIMAT0015094,cel-miR-37-5p,UGUGGGUGUCCGUUGCGGUGCUA,MIMAT0000008,cel-miR-37-3p,UCACCGGGUGAACACUUGCAGU,,,,,,,,,,,,,,,
MI0000009,cel-mir-38,UNCHANGED,GUGAGCCAGGUCCUGUUCCGGUUUUUUCCGUGGUGAUAACGCAUCCAAAAGUCUCUAUCACCGGGAGAAAAACUGGAGUAGGACCUGUGACUCAU,MIMAT0020305,cel-miR-38-5p,UCCGGUUUUUUCCGUGGUGAUA,MIMAT0000009,cel-miR-38-3p,UCACCGGGAGAAAAACUGGAGU,,,,,,,,,,,,,,,
MI0000010,cel-mir-39,UNCHANGED,UAUACCGAGAGCCCAGCUGAUUUCGUCUUGGUAAUAAGCUCGUCAUUGAGAUUAUCACCGGGUGUAAAUCAGCUUGGCUCUGGUGUC,MIMAT0020306,cel-miR-39-5p,AGCUGAUUUCGUCUUGGUAAUA,MIMAT0000010,cel-miR-39-3p,UCACCGGGUGUAAAUCAGCUUG,,,,,,,,,,,,,,,